{
  "create  bookingRequest" : {
    "transaction" : "create  bookingRequest",
    "sampleCount" : 18993,
    "errorCount" : 1901,
    "errorPct" : 10.00895,
    "meanResTime" : 1402.3453377560186,
    "medianResTime" : 829.0,
    "minResTime" : 0.0,
    "maxResTime" : 58417.0,
    "pct1ResTime" : 2565.600000000002,
    "pct2ResTime" : 5123.099999999995,
    "pct3ResTime" : 12415.640000000058,
    "throughput" : 3.1333502596607508,
    "receivedKBytesPerSec" : 3.276838448319765,
    "sentKBytesPerSec" : 1.1813146677267892
  },
  "get booking Request" : {
    "transaction" : "get booking Request",
    "sampleCount" : 18993,
    "errorCount" : 1961,
    "errorPct" : 10.324857,
    "meanResTime" : 1040.8783762438832,
    "medianResTime" : 573.0,
    "minResTime" : 0.0,
    "maxResTime" : 33085.0,
    "pct1ResTime" : 2118.0,
    "pct2ResTime" : 3065.0,
    "pct3ResTime" : 8505.880000000063,
    "throughput" : 3.133698186239975,
    "receivedKBytesPerSec" : 3.2132805320258244,
    "sentKBytesPerSec" : 0.5150567240846641
  },
  "Total" : {
    "transaction" : "Total",
    "sampleCount" : 56981,
    "errorCount" : 5772,
    "errorPct" : 10.129692,
    "meanResTime" : 9722.171671258928,
    "medianResTime" : 924.0,
    "minResTime" : 0.0,
    "maxResTime" : 352654.0,
    "pct1ResTime" : 40847.8,
    "pct2ResTime" : 60205.8,
    "pct3ResTime" : 112764.4000000001,
    "throughput" : 9.380484062675942,
    "receivedKBytesPerSec" : 9.304815347854198,
    "sentKBytesPerSec" : 2.362917049847969
  },
  "login Request" : {
    "transaction" : "login Request",
    "sampleCount" : 18995,
    "errorCount" : 1910,
    "errorPct" : 10.055278,
    "meanResTime" : 26721.501237167657,
    "medianResTime" : 16472.0,
    "minResTime" : 4489.0,
    "maxResTime" : 352654.0,
    "pct1ResTime" : 59226.40000000002,
    "pct2ResTime" : 68601.6,
    "pct3ResTime" : 114775.36000000004,
    "throughput" : 3.1291338089770475,
    "receivedKBytesPerSec" : 2.830676533102595,
    "sentKBytesPerSec" : 0.6706403656202176
  }
}