{
  "create  bookingRequest" : {
    "transaction" : "create  bookingRequest",
    "sampleCount" : 2000,
    "errorCount" : 0,
    "errorPct" : 0.0,
    "meanResTime" : 2025.2994999999992,
    "medianResTime" : 1313.5,
    "minResTime" : 267.0,
    "maxResTime" : 36131.0,
    "pct1ResTime" : 3815.9,
    "pct2ResTime" : 5708.1999999999825,
    "pct3ResTime" : 19405.81,
    "throughput" : 15.322617716010603,
    "receivedKBytesPerSec" : 14.219060043592846,
    "sentKBytesPerSec" : 6.419338867352098
  },
  "get booking Request" : {
    "transaction" : "get booking Request",
    "sampleCount" : 2000,
    "errorCount" : 0,
    "errorPct" : 0.0,
    "meanResTime" : 1286.8229999999992,
    "medianResTime" : 856.5,
    "minResTime" : 243.0,
    "maxResTime" : 11843.0,
    "pct1ResTime" : 2861.4000000000005,
    "pct2ResTime" : 3727.849999999996,
    "pct3ResTime" : 5370.51,
    "throughput" : 15.732299196866126,
    "receivedKBytesPerSec" : 14.158762005710825,
    "sentKBytesPerSec" : 2.8729882322402007
  },
  "Total" : {
    "transaction" : "Total",
    "sampleCount" : 6000,
    "errorCount" : 66,
    "errorPct" : 1.1,
    "meanResTime" : 10173.4075,
    "medianResTime" : 1909.5,
    "minResTime" : 243.0,
    "maxResTime" : 138018.0,
    "pct1ResTime" : 29312.10000000003,
    "pct2ResTime" : 36527.74999999999,
    "pct3ResTime" : 44002.70999999999,
    "throughput" : 42.725609017951875,
    "receivedKBytesPerSec" : 37.9712584605607,
    "sentKBytesPerSec" : 11.848957406128276
  },
  "login Request" : {
    "transaction" : "login Request",
    "sampleCount" : 2000,
    "errorCount" : 66,
    "errorPct" : 3.3,
    "meanResTime" : 27208.09999999997,
    "medianResTime" : 25561.0,
    "minResTime" : 8205.0,
    "maxResTime" : 138018.0,
    "pct1ResTime" : 38497.8,
    "pct2ResTime" : 43102.24999999997,
    "pct3ResTime" : 54732.78,
    "throughput" : 14.402269797720122,
    "receivedKBytesPerSec" : 12.072154133991518,
    "sentKBytesPerSec" : 3.3185417521801437
  }
}