{
  "create  bookingRequest" : {
    "transaction" : "create  bookingRequest",
    "sampleCount" : 1,
    "errorCount" : 0,
    "errorPct" : 0.0,
    "meanResTime" : 2673.0,
    "medianResTime" : 2673.0,
    "minResTime" : 2673.0,
    "maxResTime" : 2673.0,
    "pct1ResTime" : 2673.0,
    "pct2ResTime" : 2673.0,
    "pct3ResTime" : 2673.0,
    "throughput" : 0.3741114852225963,
    "receivedKBytesPerSec" : 0.3445186821922933,
    "sentKBytesPerSec" : 0.15673225308641975
  },
  "get booking Request" : {
    "transaction" : "get booking Request",
    "sampleCount" : 1,
    "errorCount" : 0,
    "errorPct" : 0.0,
    "meanResTime" : 366.0,
    "medianResTime" : 366.0,
    "minResTime" : 366.0,
    "maxResTime" : 366.0,
    "pct1ResTime" : 366.0,
    "pct2ResTime" : 366.0,
    "pct3ResTime" : 366.0,
    "throughput" : 2.73224043715847,
    "receivedKBytesPerSec" : 2.4387380464480874,
    "sentKBytesPerSec" : 0.49895406420765026
  },
  "Total" : {
    "transaction" : "Total",
    "sampleCount" : 3,
    "errorCount" : 0,
    "errorPct" : 0.0,
    "meanResTime" : 1102.3333333333333,
    "medianResTime" : 366.0,
    "minResTime" : 268.0,
    "maxResTime" : 2673.0,
    "pct1ResTime" : 2673.0,
    "pct2ResTime" : 2673.0,
    "pct3ResTime" : 2673.0,
    "throughput" : 0.8658008658008658,
    "receivedKBytesPerSec" : 0.7454568001443002,
    "sentKBytesPerSec" : 0.24237914862914864
  },
  "login Request" : {
    "transaction" : "login Request",
    "sampleCount" : 1,
    "errorCount" : 0,
    "errorPct" : 0.0,
    "meanResTime" : 268.0,
    "medianResTime" : 268.0,
    "minResTime" : 268.0,
    "maxResTime" : 268.0,
    "pct1ResTime" : 268.0,
    "pct2ResTime" : 268.0,
    "pct3ResTime" : 268.0,
    "throughput" : 3.7313432835820897,
    "receivedKBytesPerSec" : 2.8713852611940296,
    "sentKBytesPerSec" : 0.8891091417910447
  }
}