{
  "create  bookingRequest" : {
    "transaction" : "create  bookingRequest",
    "sampleCount" : 500,
    "errorCount" : 0,
    "errorPct" : 0.0,
    "meanResTime" : 1265.647999999999,
    "medianResTime" : 1278.0,
    "minResTime" : 381.0,
    "maxResTime" : 4837.0,
    "pct1ResTime" : 1735.0,
    "pct2ResTime" : 1756.95,
    "pct3ResTime" : 4026.7400000000193,
    "throughput" : 24.72187886279357,
    "receivedKBytesPerSec" : 22.87565667490729,
    "sentKBytesPerSec" : 10.357115265760196
  },
  "get booking Request" : {
    "transaction" : "get booking Request",
    "sampleCount" : 500,
    "errorCount" : 0,
    "errorPct" : 0.0,
    "meanResTime" : 1431.6060000000011,
    "medianResTime" : 1284.0,
    "minResTime" : 377.0,
    "maxResTime" : 5674.0,
    "pct1ResTime" : 1738.7,
    "pct2ResTime" : 3851.149999999999,
    "pct3ResTime" : 5629.95,
    "throughput" : 25.07145364288221,
    "receivedKBytesPerSec" : 22.411724978689264,
    "sentKBytesPerSec" : 4.578478350799779
  },
  "Total" : {
    "transaction" : "Total",
    "sampleCount" : 1500,
    "errorCount" : 0,
    "errorPct" : 0.0,
    "meanResTime" : 5316.110666666665,
    "medianResTime" : 1470.5,
    "minResTime" : 377.0,
    "maxResTime" : 29408.0,
    "pct1ResTime" : 13077.500000000004,
    "pct2ResTime" : 19612.65,
    "pct3ResTime" : 25124.810000000005,
    "throughput" : 48.25633766568009,
    "receivedKBytesPerSec" : 41.517918181379486,
    "sentKBytesPerSec" : 13.509261195470339
  },
  "login Request" : {
    "transaction" : "login Request",
    "sampleCount" : 500,
    "errorCount" : 0,
    "errorPct" : 0.0,
    "meanResTime" : 13251.077999999996,
    "medianResTime" : 11182.5,
    "minResTime" : 9420.0,
    "maxResTime" : 29408.0,
    "pct1ResTime" : 20031.9,
    "pct2ResTime" : 21271.0,
    "pct3ResTime" : 26962.0,
    "throughput" : 16.866819592497638,
    "receivedKBytesPerSec" : 12.85001286094994,
    "sentKBytesPerSec" : 4.019046856024828
  }
}