{
  "create  bookingRequest" : {
    "transaction" : "create  bookingRequest",
    "sampleCount" : 300,
    "errorCount" : 0,
    "errorPct" : 0.0,
    "meanResTime" : 530.93,
    "medianResTime" : 553.0,
    "minResTime" : 290.0,
    "maxResTime" : 1461.0,
    "pct1ResTime" : 686.9000000000001,
    "pct2ResTime" : 723.3499999999999,
    "pct3ResTime" : 813.9200000000001,
    "throughput" : 177.2002362669817,
    "receivedKBytesPerSec" : 163.27571249261666,
    "sentKBytesPerSec" : 74.23720835794447
  },
  "get booking Request" : {
    "transaction" : "get booking Request",
    "sampleCount" : 300,
    "errorCount" : 0,
    "errorPct" : 0.0,
    "meanResTime" : 630.1100000000002,
    "medianResTime" : 693.5,
    "minResTime" : 284.0,
    "maxResTime" : 2054.0,
    "pct1ResTime" : 793.0,
    "pct2ResTime" : 802.0,
    "pct3ResTime" : 1251.6600000000003,
    "throughput" : 144.78764478764478,
    "receivedKBytesPerSec" : 129.69805743243242,
    "sentKBytesPerSec" : 26.440712475868725
  },
  "Total" : {
    "transaction" : "Total",
    "sampleCount" : 900,
    "errorCount" : 0,
    "errorPct" : 0.0,
    "meanResTime" : 1474.2077777777783,
    "medianResTime" : 707.0,
    "minResTime" : 284.0,
    "maxResTime" : 4113.0,
    "pct1ResTime" : 3345.7,
    "pct2ResTime" : 3465.7999999999997,
    "pct3ResTime" : 3887.98,
    "throughput" : 156.06034333275534,
    "receivedKBytesPerSec" : 133.7492684671406,
    "sentKBytesPerSec" : 43.68876799028958
  },
  "login Request" : {
    "transaction" : "login Request",
    "sampleCount" : 300,
    "errorCount" : 0,
    "errorPct" : 0.0,
    "meanResTime" : 3261.5833333333308,
    "medianResTime" : 3235.5,
    "minResTime" : 2706.0,
    "maxResTime" : 4113.0,
    "pct1ResTime" : 3663.4000000000005,
    "pct2ResTime" : 3857.5499999999997,
    "pct3ResTime" : 4069.71,
    "throughput" : 72.70964614638875,
    "receivedKBytesPerSec" : 54.816256665050894,
    "sentKBytesPerSec" : 17.325345370819193
  }
}