{
  "create  bookingRequest" : {
    "transaction" : "create  bookingRequest",
    "sampleCount" : 100,
    "errorCount" : 0,
    "errorPct" : 0.0,
    "meanResTime" : 377.5799999999999,
    "medianResTime" : 313.0,
    "minResTime" : 238.0,
    "maxResTime" : 1275.0,
    "pct1ResTime" : 551.0,
    "pct2ResTime" : 574.1999999999998,
    "pct3ResTime" : 1268.0599999999963,
    "throughput" : 62.5,
    "receivedKBytesPerSec" : 57.9833984375,
    "sentKBytesPerSec" : 26.18408203125
  },
  "get booking Request" : {
    "transaction" : "get booking Request",
    "sampleCount" : 100,
    "errorCount" : 0,
    "errorPct" : 0.0,
    "meanResTime" : 350.4200000000001,
    "medianResTime" : 396.0,
    "minResTime" : 237.0,
    "maxResTime" : 460.0,
    "pct1ResTime" : 446.0,
    "pct2ResTime" : 451.0,
    "pct3ResTime" : 459.91999999999996,
    "throughput" : 69.93006993006993,
    "receivedKBytesPerSec" : 62.96437937062937,
    "sentKBytesPerSec" : 12.702141608391608
  },
  "Total" : {
    "transaction" : "Total",
    "sampleCount" : 300,
    "errorCount" : 0,
    "errorPct" : 0.0,
    "meanResTime" : 1043.6833333333334,
    "medianResTime" : 426.5,
    "minResTime" : 237.0,
    "maxResTime" : 3213.0,
    "pct1ResTime" : 2520.600000000001,
    "pct2ResTime" : 2633.8,
    "pct3ResTime" : 3174.6200000000003,
    "throughput" : 69.93006993006993,
    "receivedKBytesPerSec" : 60.36931818181818,
    "sentKBytesPerSec" : 19.554013694638694
  },
  "login Request" : {
    "transaction" : "login Request",
    "sampleCount" : 100,
    "errorCount" : 0,
    "errorPct" : 0.0,
    "meanResTime" : 2403.0499999999993,
    "medianResTime" : 2393.5,
    "minResTime" : 1924.0,
    "maxResTime" : 3213.0,
    "pct1ResTime" : 2683.8,
    "pct2ResTime" : 2991.4999999999995,
    "pct3ResTime" : 3212.95,
    "throughput" : 26.624068157614484,
    "receivedKBytesPerSec" : 20.28005191693291,
    "sentKBytesPerSec" : 6.344016240681577
  }
}